{
  "model_name": "bayesian_linear_regression_numpyro",
  "target": "next_year_population_decline_rate",
  "features": [
    "aging_rate",
    "child_rate",
    "birth_rate",
    "death_rate",
    "net_migration_rate",
    "hospital_density",
    "clinic_density",
    "daycare_coverage"
  ],
  "sample_count": 517,
  "train_years": [
    2011,
    2021
  ],
  "performance": {
    "mae": 0.0009347842530289772,
    "rmse": 0.0012488306688946773,
    "r2": 0.9174822874060999
  },
  "posterior": {
    "sigma": {
      "mean": 0.0012621997712568083,
      "sd": 3.841438062525448e-05,
      "p05": 0.0012070971289593192,
      "p50": 0.0012566396449498328,
      "p95": 0.0013296780376073783
    },
    "beta_scale": {
      "mean": 0.0014338954784124448,
      "sd": 0.0004118684597169217,
      "p05": 0.0009092264397627981,
      "p50": 0.0013759943765239769,
      "p95": 0.00220087330615969
    },
    "coefficients": {
      "intercept": {
        "mean": 0.0049443259528299185,
        "sd": 5.435861141196806e-05,
        "p05": 0.0048574449488125795,
        "p50": 0.004945222909756141,
        "p95": 0.0050310294182698174
      },
      "aging_rate": {
        "mean": -0.0005332018321867861,
        "sd": 0.00016851843768064817,
        "p05": -0.0008121996198820005,
        "p50": -0.0005329292718139763,
        "p95": -0.0002569227249213924
      },
      "child_rate": {
        "mean": 0.0005696528714585197,
        "sd": 0.00014470486782819193,
        "p05": 0.00032084246349895374,
        "p50": 0.0005783810879114986,
        "p95": 0.0007916030119431057
      },
      "birth_rate": {
        "mean": -0.0019037508724083535,
        "sd": 0.00017569717784966796,
        "p05": -0.0021798390713860263,
        "p50": -0.0019101993046879975,
        "p95": -0.0015955246346521846
      },
      "death_rate": {
        "mean": 0.0019578555532137015,
        "sd": 0.0001465073443554462,
        "p05": 0.0017285244484375472,
        "p50": 0.0019543430843042622,
        "p95": 0.0022094971950888916
      },
      "net_migration_rate": {
        "mean": -0.0017747676521097876,
        "sd": 9.116327507267893e-05,
        "p05": -0.001931482196365468,
        "p50": -0.001771497122939873,
        "p95": -0.0016186300032160347
      },
      "hospital_density": {
        "mean": 0.0004420323026579022,
        "sd": 7.097663316240938e-05,
        "p05": 0.00032487565014972087,
        "p50": 0.000443067734425413,
        "p95": 0.000557086474520619
      },
      "clinic_density": {
        "mean": 0.00010687316251081374,
        "sd": 6.460156223628413e-05,
        "p05": 5.311513677310311e-06,
        "p50": 0.00010684511648885854,
        "p95": 0.0002125291164084678
      },
      "daycare_coverage": {
        "mean": 9.204926344071159e-05,
        "sd": 7.907663961995875e-05,
        "p05": -3.91007170181893e-05,
        "p50": 9.437489323179635e-05,
        "p95": 0.0002236300122499847
      }
    }
  },
  "inference": {
    "engine": "NumPyro NUTS",
    "num_warmup": 600,
    "num_samples": 800,
    "num_chains": 1,
    "seed": 42
  },
  "scaling": {
    "feature_means": {
      "aging_rate": 0.2842755680184508,
      "child_rate": 0.12539608627303336,
      "birth_rate": 0.007395321686254162,
      "death_rate": 0.011548628803545881,
      "net_migration_rate": -0.0014358209678973703,
      "hospital_density": 6.9479782603853115,
      "clinic_density": 81.06850429751124,
      "daycare_coverage": 0.1728834676535471
    },
    "feature_stds": {
      "aging_rate": 0.034774654721566434,
      "child_rate": 0.011116663626056273,
      "birth_rate": 0.0010273190596046175,
      "death_rate": 0.0017997504249779644,
      "net_migration_rate": 0.0019988625868550013,
      "hospital_density": 2.778698784088069,
      "clinic_density": 11.969207303514118,
      "daycare_coverage": 0.042984578470738104
    }
  },
  "note": "Learn next-year population decline rates from prefecture-level SSDSE-B time series using Bayesian linear regression with NumPyro + JAX, then apply posterior predictive estimates to the 2023 cross section to project the 2035 population.",
  "sources": [
    {
      "key": "ssdse_e_csv",
      "url": "https://www.nstac.go.jp/files/SSDSE-E-2025.csv",
      "path": "app/data/raw/SSDSE-E-2025.csv"
    },
    {
      "key": "ssdse_b_csv",
      "url": "https://www.nstac.go.jp/files/SSDSE-B-2025.csv",
      "path": "app/data/raw/SSDSE-B-2025.csv"
    },
    {
      "key": "prefectures_geojson",
      "url": "https://raw.githubusercontent.com/smartnews-smri/japan-topography/main/data/municipality/geojson/s0010/prefectures.json",
      "path": "app/data/raw/prefectures.json"
    }
  ]
}